Area,Scenario,Year,value
South Africa,SSP1,1980,0.147065429
South Africa,SSP1,2000,0.204619372
South Africa,SSP1,2020,0.407163972
South Africa,SSP1,2040,0.900778689
South Africa,SSP1,2060,1.455062394
South Africa,SSP1,2080,1.819799835
South Africa,SSP1,2100,1.941070215
South Africa,SSP2,1980,0.147065429
South Africa,SSP2,2000,0.204619372
South Africa,SSP2,2020,0.405505995
South Africa,SSP2,2040,0.783183899
South Africa,SSP2,2060,1.219244246
South Africa,SSP2,2080,1.693756407
South Africa,SSP2,2100,2.12210169
South Africa,SSP3,1980,0.147065429
South Africa,SSP3,2000,0.204619372
South Africa,SSP3,2020,0.400203223
South Africa,SSP3,2040,0.645256075
South Africa,SSP3,2060,0.836045504
South Africa,SSP3,2080,1.048923935
South Africa,SSP3,2100,1.265115342
South Africa,SSP4,1980,0.147065429
South Africa,SSP4,2000,0.204619372
South Africa,SSP4,2020,0.402135839
South Africa,SSP4,2040,0.733430998
South Africa,SSP4,2060,1.039097577
South Africa,SSP4,2080,1.278821798
South Africa,SSP4,2100,1.408956539
South Africa,SSP5,1980,0.147065429
South Africa,SSP5,2000,0.204619372
South Africa,SSP5,2020,0.409401469
South Africa,SSP5,2040,1.036141431
South Africa,SSP5,2060,1.934031509
South Africa,SSP5,2080,2.755285884
South Africa,SSP5,2100,3.324237639
